<?xml version="1.0" encoding="UTF-8"?>
<!--Sample XML file generated by XMLSpy v2012 rel. 2 sp1 (x64) (http://www.altova.com)-->
<cers:Chemicals dataSetDateTime="2001-12-17T09:30:47Z" xsi:schemaLocation="http://cersservices.calepa.ca.gov/Schemas/ChemicalLibraryExport/1/00/ ChemicalLibraryExport.xsd" xmlns:cers="http://cersservices.calepa.ca.gov/Schemas/ChemicalLibraryExport/1/00/" xmlns:xsi="http://www.w3.org/2001/XMLSchema-instance">
	<Chemical>
		<CCLID>String</CCLID>
		<CAS>aaaaaaaaaaaaaaa</CAS>
		<USEPASRSNumber/>
		<ChemicalName/>
		<CommonName/>
		<PhysState/>
		<HMType/>
		<EHS/>
		<FireCode1>0</FireCode1>
		<FireCode2>0</FireCode2>
		<FireCode3>0</FireCode3>
		<FireCode4>0</FireCode4>
		<FireCode5>0</FireCode5>
		<FireCode6>0</FireCode6>
		<FireCode7>0</FireCode7>
		<FireCode8>0</FireCode8>
		<FHCFire/>
		<FHCReactive/>
		<FHCPressureRelease/>
		<FHCAcuteHealth/>
		<FHCChronicHealth/>
		<STACode/>
		<RadioActive/>
		<Curies>3.14159E0</Curies>
		<TradeSecret/>
		<Comments/>
		<Component1Percent>0.0</Component1Percent>
		<Component1Name/>
		<Component1EHS/>
		<Component1CAS/>
		<Component2Percent>0.0</Component2Percent>
		<Component2Name/>
		<Component2EHS/>
		<Component2CAS/>
		<Component3Percent>0.0</Component3Percent>
		<Component3Name/>
		<Component3EHS/>
		<Component3CAS/>
		<Component4Percent>0.0</Component4Percent>
		<Component4Name/>
		<Component4EHS/>
		<Component4CAS/>
		<Component5Percent>0.0</Component5Percent>
		<Component5Name/>
		<Component5EHS/>
		<Component5CAS/>
		<AdditionalMixtureComponent/>
		<DOTHazClassID>1.1</DOTHazClassID>
		<LastUpdated>2001-12-17T09:30:47Z</LastUpdated>
		<Prop65Types>
			<Prop65Type/>
			<Prop65Type/>
		</Prop65Types>
	</Chemical>
	<Chemical>
		<CCLID>String</CCLID>
		<CAS>aaaaaaaaaaaaaaa</CAS>
		<USEPASRSNumber/>
		<ChemicalName/>
		<CommonName/>
		<PhysState/>
		<HMType/>
		<EHS/>
		<FireCode1>0</FireCode1>
		<FireCode2>0</FireCode2>
		<FireCode3>0</FireCode3>
		<FireCode4>0</FireCode4>
		<FireCode5>0</FireCode5>
		<FireCode6>0</FireCode6>
		<FireCode7>0</FireCode7>
		<FireCode8>0</FireCode8>
		<FHCFire/>
		<FHCReactive/>
		<FHCPressureRelease/>
		<FHCAcuteHealth/>
		<FHCChronicHealth/>
		<STACode/>
		<RadioActive/>
		<Curies>3.14159E0</Curies>
		<TradeSecret/>
		<Comments/>
		<Component1Percent>0.0</Component1Percent>
		<Component1Name/>
		<Component1EHS/>
		<Component1CAS/>
		<Component2Percent>0.0</Component2Percent>
		<Component2Name/>
		<Component2EHS/>
		<Component2CAS/>
		<Component3Percent>0.0</Component3Percent>
		<Component3Name/>
		<Component3EHS/>
		<Component3CAS/>
		<Component4Percent>0.0</Component4Percent>
		<Component4Name/>
		<Component4EHS/>
		<Component4CAS/>
		<Component5Percent>0.0</Component5Percent>
		<Component5Name/>
		<Component5EHS/>
		<Component5CAS/>
		<AdditionalMixtureComponent/>
		<DOTHazClassID>3</DOTHazClassID>
		<LastUpdated>2001-12-17T09:30:47Z</LastUpdated>
		<Prop65Types>
			<Prop65Type/>
			<Prop65Type/>
		</Prop65Types>
	</Chemical>
</cers:Chemicals>
