<?xml version="1.0" encoding="UTF-8"?>
<!--Sample XML file generated by XMLSpy v2012 rel. 2 sp1 (x64) (http://www.altova.com)-->
<cers:CMESubmittals xsi:schemaLocation="http://cersservices.calepa.ca.gov/Schemas/CMESubmittal/1/00/ CMESubmittal.xsd" xmlns:cers="http://cersservices.calepa.ca.gov/Schemas/CMESubmittal/1/00/" xmlns:xsi="http://www.w3.org/2001/XMLSchema-instance">
	<RegulatorTransactionKey>00000000-0000-0000-0000-000000000000</RegulatorTransactionKey>
	<Inspections>
		<Inspection>
			<InspectionHeader>
				<RegulatorCode>1001</RegulatorCode>
				<RegulatorActionDateTime>2001-12-17T09:30:47Z</RegulatorActionDateTime>
				<CMEDataStatus>Deleted</CMEDataStatus>
			</InspectionHeader>
			<CERSID>123456789</CERSID>
			<InspectionRegulatorKey>a</InspectionRegulatorKey>
			<ProgramElement>k</ProgramElement>
			<OccurredOn>1967-08-13</OccurredOn>
			<Type>a</Type>
			<ClassIViolationCount>12</ClassIViolationCount>
			<ClassIIViolationCount>12</ClassIIViolationCount>
			<MinorViolationCount>12</MinorViolationCount>
			<SOCDetermination>c</SOCDetermination>
			<ViolationsRTCOn>1967-08-13</ViolationsRTCOn>
			<Comment/>
		</Inspection>
		<Inspection>
			<InspectionHeader>
				<RegulatorCode>1001</RegulatorCode>
				<RegulatorActionDateTime>2001-12-17T09:30:47Z</RegulatorActionDateTime>
				<CMEDataStatus>Approved</CMEDataStatus>
			</InspectionHeader>
			<CERSID>123456789</CERSID>
			<InspectionRegulatorKey>a</InspectionRegulatorKey>
			<ProgramElement>f</ProgramElement>
			<OccurredOn>1967-08-13</OccurredOn>
			<Type>a</Type>
			<ClassIViolationCount>12</ClassIViolationCount>
			<ClassIIViolationCount>12</ClassIIViolationCount>
			<MinorViolationCount>12</MinorViolationCount>
			<SOCDetermination>c</SOCDetermination>
			<ViolationsRTCOn>1967-08-13</ViolationsRTCOn>
			<Comment/>
		</Inspection>
	</Inspections>
	<Inspections>
		<Inspection>
			<InspectionHeader>
				<RegulatorCode>1001</RegulatorCode>
				<RegulatorActionDateTime>2001-12-17T09:30:47Z</RegulatorActionDateTime>
				<CMEDataStatus>Approved</CMEDataStatus>
			</InspectionHeader>
			<CERSID>123456789</CERSID>
			<InspectionRegulatorKey>a</InspectionRegulatorKey>
			<ProgramElement>i</ProgramElement>
			<OccurredOn>1967-08-13</OccurredOn>
			<Type>b</Type>
			<ClassIViolationCount>12</ClassIViolationCount>
			<ClassIIViolationCount>12</ClassIIViolationCount>
			<MinorViolationCount>12</MinorViolationCount>
			<SOCDetermination>c</SOCDetermination>
			<ViolationsRTCOn>1967-08-13</ViolationsRTCOn>
			<Comment/>
		</Inspection>
		<Inspection>
			<InspectionHeader>
				<RegulatorCode>1001</RegulatorCode>
				<RegulatorActionDateTime>2001-12-17T09:30:47Z</RegulatorActionDateTime>
				<CMEDataStatus>Approved</CMEDataStatus>
			</InspectionHeader>
			<CERSID>123456789</CERSID>
			<InspectionRegulatorKey>a</InspectionRegulatorKey>
			<ProgramElement>k</ProgramElement>
			<OccurredOn>1967-08-13</OccurredOn>
			<Type>b</Type>
			<ClassIViolationCount>12</ClassIViolationCount>
			<ClassIIViolationCount>12</ClassIIViolationCount>
			<MinorViolationCount>12</MinorViolationCount>
			<SOCDetermination>a</SOCDetermination>
			<ViolationsRTCOn>1967-08-13</ViolationsRTCOn>
			<Comment/>
		</Inspection>
	</Inspections>
</cers:CMESubmittals>
