<?xml version="1.0" encoding="UTF-8"?>
<!--Sample XML file generated by XMLSpy v2012 rel. 2 sp1 (x64) (http://www.altova.com)-->
<cers:DictionaryData dataSetDateTime="2001-12-17T09:30:47Z" xsi:schemaLocation="http://cersservices.calepa.ca.gov/Schemas/DictionaryDataExport/1/00/ DictionaryDataExport.xsd" xmlns:cers="http://cersservices.calepa.ca.gov/Schemas/DictionaryDataExport/1/00/" xmlns:xsi="http://www.w3.org/2001/XMLSchema-instance">
	<DataElements>
		<DataElement>
			<Name>String</Name>
			<FieldIdentifier>String</FieldIdentifier>
			<CERSDataRegistryID>0.0</CERSDataRegistryID>
			<DataStandard>String</DataStandard>
			<Section>String</Section>
			<Description>String</Description>
			<XMLTag>String</XMLTag>
			<Instructions>String</Instructions>
			<FieldFormat>String</FieldFormat>
			<GenericDataType>String</GenericDataType>
			<DataLength>0</DataLength>
			<CERSMinimallyRequiredField>true</CERSMinimallyRequiredField>
			<LastUpdated>2001-12-17T09:30:47Z</LastUpdated>
			<Values>
				<Value code="String">String</Value>
				<Value code="String">String</Value>
			</Values>
		</DataElement>
		<DataElement>
			<Name>String</Name>
			<FieldIdentifier>String</FieldIdentifier>
			<CERSDataRegistryID>0.0</CERSDataRegistryID>
			<DataStandard>String</DataStandard>
			<Section>String</Section>
			<Description>String</Description>
			<XMLTag>String</XMLTag>
			<Instructions>String</Instructions>
			<FieldFormat>String</FieldFormat>
			<GenericDataType>String</GenericDataType>
			<DataLength>0</DataLength>
			<CERSMinimallyRequiredField>true</CERSMinimallyRequiredField>
			<LastUpdated>2001-12-17T09:30:47Z</LastUpdated>
			<Values>
				<Value code="String">String</Value>
				<Value code="String">String</Value>
			</Values>
		</DataElement>
	</DataElements>
</cers:DictionaryData>
