<?xml version="1.0" encoding="UTF-8"?>
<!--Sample XML file generated by XMLSpy v2012 rel. 2 sp1 (x64) (http://www.altova.com)-->
<cers:RegulatorFacilitySubmittalResponse timeStamp="2001-12-17T09:30:47Z" xsi:schemaLocation="http://cersservices.calepa.ca.gov/Schemas/RegulatorFacilitySubmittalResponse/1/00/ RegulatorFacilitySubmittalResponse.xsd" xmlns:cers="http://cersservices.calepa.ca.gov/Schemas/RegulatorFacilitySubmittalResponse/1/00/" xmlns:xsi="http://www.w3.org/2001/XMLSchema-instance">
	<Transaction>
		<TransactionKey>00000000-0000-0000-0000-000000000000</TransactionKey>
		<RegulatorTransactionKey>00000000-0000-0000-0000-000000000000</RegulatorTransactionKey>
		<TransactionReceived>2001-12-17T09:30:47Z</TransactionReceived>
		<TransactionStatus queuePosition="0">Accepted</TransactionStatus>
		<DetailUri>http://www.altova.com</DetailUri>
	</Transaction>
	<Summary>
		<DataProcessedOn>2001-12-17T09:30:47Z</DataProcessedOn>
		<ErrorsText>String</ErrorsText>
		<WarningsText>String</WarningsText>
		<AdvisoriesText>String</AdvisoriesText>
	</Summary>
	<EntityKeys>
		<EntityKey>
			<EntityResource>HWFACM</EntityResource>
			<RegulatorKey>aaaaaaaaaaaaaaaaaaaaaaaaaaaaaaaaaaaa</RegulatorKey>
			<CERSUniqueKey>00000000-0000-0000-0000-000000000000</CERSUniqueKey>
		</EntityKey>
		<EntityKey>
			<EntityResource>USTOPT</EntityResource>
			<RegulatorKey>aaaaaaaaaaaaaaaaaaaaaaaaaaaaaaaaaaaa</RegulatorKey>
			<CERSUniqueKey>00000000-0000-0000-0000-000000000000</CERSUniqueKey>
		</EntityKey>
	</EntityKeys>
	<GuidanceMessages>
		<GuidanceMessage entityResource="BA" guidanceCode="2" level="Warning" regulatorKey="aaaaaaaaaaaaaaaaaaaaaaaaaaaaaaaaaaaa" cersUniqueKey="00000000-0000-0000-0000-000000000000">String</GuidanceMessage>
		<GuidanceMessage entityResource="TPUPBR" guidanceCode="2" level="Warning" regulatorKey="aaaaaaaaaaaaaaaaaaaaaaaaaaaaaaaaaaaa" cersUniqueKey="00000000-0000-0000-0000-000000000000">String</GuidanceMessage>
	</GuidanceMessages>
</cers:RegulatorFacilitySubmittalResponse>
