<?xml version="1.0" encoding="UTF-8"?>
<!--Sample XML file generated by XMLSpy v2012 rel. 2 sp1 (x64) (http://www.altova.com)-->
<cers:RegulatorFacilitySubmittalActionNotifications xsi:schemaLocation="http://cersservices.calepa.ca.gov/Schemas/RegulatorFacilitySubmittalActionNotification/1/00/ RegulatorFacilitySubmittalActionNotification.xsd" xmlns:cers="http://cersservices.calepa.ca.gov/Schemas/RegulatorFacilitySubmittalActionNotification/1/00/" xmlns:xsi="http://www.w3.org/2001/XMLSchema-instance">
	<RegulatorTransactionKey>00000000-0000-0000-0000-000000000000</RegulatorTransactionKey>
	<SubmittalElements>
		<SubmittalElement code="1">
			<CERSID>123456789</CERSID>
			<SubmittalElementRegulatorKey>00000000-0000-0000-0000-000000000000</SubmittalElementRegulatorKey>
			<RegulatorCode>1001</RegulatorCode>
			<SubmittalAction>Accepted</SubmittalAction>
			<SubmittalActionDateTime>1985-01-01T00:00:00Z</SubmittalActionDateTime>
			<SubmittalActionAgentName>a</SubmittalActionAgentName>
			<SubmittalActionAgentEmail>a</SubmittalActionAgentEmail>
			<SubmittalActionComments/>
		</SubmittalElement>
		<SubmittalElement code="1">
			<CERSID>123456789</CERSID>
			<SubmittalElementRegulatorKey>00000000-0000-0000-0000-000000000000</SubmittalElementRegulatorKey>
			<RegulatorCode>1001</RegulatorCode>
			<SubmittalAction>Not Accepted</SubmittalAction>
			<SubmittalActionDateTime>1985-01-01T00:00:00Z</SubmittalActionDateTime>
			<SubmittalActionAgentName>a</SubmittalActionAgentName>
			<SubmittalActionAgentEmail>a</SubmittalActionAgentEmail>
			<SubmittalActionComments/>
		</SubmittalElement>
	</SubmittalElements>
</cers:RegulatorFacilitySubmittalActionNotifications>
