<?xml version="1.0" encoding="UTF-8"?>
<!--Sample XML file generated by XMLSpy v2012 rel. 2 sp1 (x64) (http://www.altova.com)-->
<cers:Violations dataSetDateTime="2001-12-17T09:30:47Z" xsi:schemaLocation="http://cersservices.calepa.ca.gov/Schemas/ViolationLibraryExport/1/00/ ViolationLibraryExport.xsd" xmlns:cers="http://cersservices.calepa.ca.gov/Schemas/ViolationLibraryExport/1/00/" xmlns:xsi="http://www.w3.org/2001/XMLSchema-instance">
	<Violation>
		<TypeNumber>String</TypeNumber>
		<Name>String</Name>
		<Description>String</Description>
		<Category>String</Category>
		<ProgramElement>String</ProgramElement>
		<Citations>
			<Citation>
				<Chapter>String</Chapter>
				<Section>String</Section>
				<Name>String</Name>
				<Description>String</Description>
				<Source>String</Source>
			</Citation>
			<Citation>
				<Chapter>String</Chapter>
				<Section>String</Section>
				<Name>String</Name>
				<Description>String</Description>
				<Source>String</Source>
			</Citation>
		</Citations>
	</Violation>
	<Violation>
		<TypeNumber>String</TypeNumber>
		<Name>String</Name>
		<Description>String</Description>
		<Category>String</Category>
		<ProgramElement>String</ProgramElement>
		<Citations>
			<Citation>
				<Chapter>String</Chapter>
				<Section>String</Section>
				<Name>String</Name>
				<Description>String</Description>
				<Source>String</Source>
			</Citation>
			<Citation>
				<Chapter>String</Chapter>
				<Section>String</Section>
				<Name>String</Name>
				<Description>String</Description>
				<Source>String</Source>
			</Citation>
		</Citations>
	</Violation>
</cers:Violations>
